Roepnaam;;Achternaam;Adres;PC;Plaats;Tel;Afdeling
Chelo;;Bachoe;J.J. Heggestraat 78;2596HW;Den Haag;070-3600197;Bestuursbureau
Dali;;Baptist;Oosteinde 46;2291EX;Den Haag;070-3471198;Financieen
Djewan;;Barnas;Vinkensteynstraat 53;2641LL;Leidschendam;070-3602174;Postkamer
Enchi;;Bentvelzen;Troelstrastraat 13;2291RT;Den Haag;070-3259861;Research & Development
Jan-Willem;;Berg;Voorstondenstraat 38;2584VR;Voorburg;0174-414221;Ingenieurs bureau
Mark;;Beringen;Marsgeel 45;2675SV;Den Haag;0174-248039;Directiesecretariaat
Rachel;;Blom;Dr. R.J. Fruinplantsoen 23;2286JL;Den Haag;015-2628410;Boekhouding
Bianca;;Broos;Madepolderweg 49;2678CH;Hoek van Holland;070-3974421;Communicatiebureau
Rody;;Broos;Het Kleine Loo 289;2291TR;Den Haag;070-3902363;Personeelszaken
Tonton;;Dijkshoorn;Stieltjesstraat 273;2625EW;Den Haag;0174-516033;Bestuursbureau
Arno;;Gardien;E. du Perronlaan 772;2635BB;Den Haag;010-5218011;Personeelszaken
Bas;van;Geest;Gv Juliana v Stolbergln 739;2681RG;Delft;070-3210673;Bestuursbureau
Danny;;Haas;Praagsingel 179;2552CS;Rijswijk Zh;070-3643346;Financieen
Hugo;;Hamelen;Lau Mazirellaan 321;2685SR;Delft;070-3607727;Financieen
Jasper;;Isidora;Lisdodde 26;2552MV;'s-Gravenzande;0174 240068;Kantine
Jelle;;Jansen;Schrijnwerkersgaarde 23;2542VS;Kwintsheul;0174-510474;Ingenieurs bureau
Jorina;;Kleijn;Rieteiland 27;2622AN;Wateringen;079-3213958;Bestuursbureau
Mark;;Koeling;Ruijsdaelstraat 126;2264MJ;Naaldwijk;06-24591907;Financieen
Maurice;;Kuijpers;Gerrit van der Veenlaan 23;2285KC;Den Haag;0174 244411 06 54628544;Postkamer
Patrick;van den;Lint;Doys van der Doesstraat 7;2564JD;'s-Gravenzande;070-4306600;Ingenieurs bureau
Perry;de;Lourens;Seghersstraat 45;2694GT;Monster;070-3945344;Directiesecretariaat
Robin;;Louweret;Renbaanstraat 8;2691HD;Rijswijk Zh;079-3615957;Personeelszaken
Roeland;;Lugt;J Boezerstraat 72;2265GE;Den Haag;015-3808173;Bestuursbureau
Ruben;van;Mahmoud;Hoefkade 188;2281VJ;Leidschendam;0174 4520956;Financieen
Sander;;Melfor;J Bosmanstraat 59;2693AN;'s-Gravenzande;0174-631273;Postkamer
Scott;van;Molenaar;Heliotroop 30;2565CB;Den Haag;070-3913521;Research & Development
Stefan;;Oemed;Schrijnwerkersgaarde 64;2671DW;Naaldwijk;0174 417318;Ingenieurs bureau
Sven;van;Offereins;Ankeveensestraat 30;2553TS;Rijswijk Zh;070-3979772;Directiesecretariaat
Tim;;Oostdam;Buitenhofdreef 188;2631GE;Den Haag;0174 415957;Boekhouding
Vinay;;Os;Albert Termotestraat 141;2282LN;Zoetermeer;0174-245262;Communicatiebureau
Yvo;;Ouwerkerk;Terwestenstraat 124;2545LL;Den Haag;070-3550995;Personeelszaken
Arthur;;Petronilia;Dr. H. E. van Geldererf 187;2548TP;Maasland;0174-245816;Financieen
Arthur;;Plomp;Doldersestraat 4;2561BJ;Delft;070-3971611;Personeelszaken
Bart;van;Pop;Van Vredenburchweg 4;2551WR;Wateringen;0174-242427;Bestuursbureau
Bob;;Schelt;Ruys de Beerenbrouckstr 18;3155GB;Wateringen;070-3887850;Financieen
Chris;;Schie;Landzijde 74;2571TB;Den Haag;070-3979908;Financieen
Edwin;;Schinkel;Bergeend 45;2624EZ;Den Haag;070-3675755;Postkamer
Erik;de;Schoemaker;Viool 66;2563VC;Den Haag;015-2571718;Research & Development
Jan;;Shimba;Mr Bruntstraat 5;2552HM;Maasland;070 3176164;Ingenieurs bureau
Jaume;de;Sjardijn;Jan Romeinstraat 150;2515AZ;Den Haag;070-3934215;Bestuursbureau
Joe;;Staaij;Dreeslaan 62;2726VV;Hoogmade;070-3502191;Financieen
Jon;de;Sutorius;Mondriaan 53;2553NJ;Wateringen;070-3257700;Postkamer
Jos;;Toussaint;Buitenboogerd 7;2553AX;Vlaardingen;0174-517417;Research & Development
Justin;;Trompert;Ferrandweg 4;2563VG;Rijswijk Zh;0174-414368;Ingenieurs bureau
Kees;van;Verbeek;Mgr. van Steelaan 534;2552JD;Monster;070-3200751;Directiesecretariaat
Mark;;Vliet;Warande 55;2571XJ;Voorschoten;070-3998060;Boekhouding
Martijn;van;Vree;Puttensestraat 45;2295KJ;Zoetermeer;0174-441585;Communicatiebureau
Maurice;;Vreede;Architect Margadanterf 30;2542BC;Den Haag;070-3649120;Personeelszaken
Michael;;Vros;Harry Denisstraat 54;2553EB;Den Haag;0174-626819;Bestuursbureau
Michel;van der;Wanrooy;Schaarsbergenstraat 115;2285CA;'s-Gravenzande;070-4043816;Financieen
Olaf;;Weijermans;Lodenvloer 13;2552WR;Rijswijk Zh;015 3108914;Personeelszaken
Rob;van;Wit;Martin Campslaan 559;2914AL;Den Haag;070-3906983;Bestuursbureau
Rudi;van der;Zanten;Van der Helststraat 88;2532AZ;Delft;070-3671566;Financieen
Sander;de;Zeeuw;Het Tolland 5;2641EA;Honselersdijk;015-2137546;Personeelszaken
